{"mu": [0.5132896304130554, 0.7186756730079651, -3.052296619898698e-07, 0.4611363410949707, 0.6878761053085327, -0.015697218477725983, 0.4220634698867798, 0.632668673992157, -0.030226916074752808, 0.4093720018863678, 0.5805090665817261, -0.047820527106523514, 0.4236565828323364, 0.5437068343162537, -0.0628160908818245, 0.4490361213684082, 0.5190147161483765, -0.008825769647955894, 0.4398844242095947, 0.44209256768226624, -0.038906604051589966, 0.4304640293121338, 0.42680883407592773, -0.05414167419075966, 0.4288860261440277, 0.4296989440917969, -0.060945626348257065, 0.48378413915634155, 0.5194368958473206, -0.01609373278915882, 0.45218685269355774, 0.4995999336242676, -0.05103633552789688, 0.44388410449028015, 0.5593535900115967, -0.053954124450683594, 0.44984740018844604, 0.5857041478157043, -0.04663487896323204, 0.5150116682052612, 0.5365825295448303, -0.02824392355978489, 0.480374813079834, 0.5427504181861877, -0.06007446348667145, 0.47271114587783813, 0.5975782871246338, -0.04837987571954727, 0.4782329797744751, 0.6145058274269104, -0.03203117102384567, 0.5422562956809998, 0.5655517578125, -0.04279979318380356, 0.5099339485168457, 0.5790243148803711, -0.060400694608688354, 0.5003677606582642, 0.6182127594947815, -0.05057356879115105, 0.5039747953414917, 0.6304709911346436, -0.03762467950582504], "sigma": [0.14597080647945404, 0.1411885768175125, 1.188558144349372e-06, 0.1538897305727005, 0.1401768922805786, 0.009684822522103786, 0.1634712964296341, 0.1422790139913559, 0.015425233170390129, 0.17809554934501648, 0.14543987810611725, 0.020649762824177742, 0.18964338302612305, 0.14872398972511292, 0.025350192561745644, 0.16213437914848328, 0.12846887111663818, 0.014989655464887619, 0.17350833117961884, 0.12748223543167114, 0.021718332543969154, 0.18349739909172058, 0.1272103637456894, 0.025364695116877556, 0.1900852769613266, 0.1357937753200531, 0.026788264513015747, 0.16427230834960938, 0.12871092557907104, 0.013493619859218597, 0.1837921291589737, 0.14244718849658966, 0.019678764045238495, 0.18020868301391602, 0.14557898044586182, 0.02134718932211399, 0.17317549884319305, 0.14544200897216797, 0.022809432819485664, 0.16547733545303345, 0.1329045593738556, 0.013780662789940834, 0.18393239378929138, 0.14822915196418762, 0.018718307837843895, 0.17683926224708557, 0.1477794498205185, 0.01772129349410534, 0.16866172850131989, 0.14608977735042572, 0.01750311441719532, 0.16613376140594482, 0.13907817006111145, 0.016233444213867188, 0.1810346096754074, 0.15183649957180023, 0.019497262313961983, 0.17507147789001465, 0.1514240801334381, 0.01889488287270069, 0.16715271770954132, 0.14922338724136353, 0.018080785870552063]}